Library,Street Address,City/ State,Zip Code,Longitude,Latitude,Phone ,Hours of Operation
Cherokee Library,3300 Sharpe Avenue,Memphis/ TN,38111,-89.95277208,35.08684412,901-415-2762,Mon-Sat:- 10AM - 6PM
Gaston Park Library,1040 S 3rd Street,Memphis/ TN,38106,-90.05508452,35.11898336,901-415-2769,Mon-Sat:- 10AM - 6PM
North Library,1192 Vollintine Avenue,Memphis/ TN,38107,-90.01747701,35.16543737,901-415-2775,Mon-Sat:- 10AM - 6PM
Cossitt Downtown Library (temporarily closed),33 S Front Street,Memphis/ TN,38103,-90.05445282,35.14485115,901-415-2766,Mon-Thu:- 10AM-8PM; Fri-Sat:- 10AM-6PM
Cordova Library,8457 Trinity Road,Memphis/ TN,38018,-89.78098441,35.14244363,901-415-2764,Mon-Thu:- 10AM-8PM; Fri-Sat:- 10AM-6PM
Hollywood Library,1530 N Hollywood Street,Memphis/ TN,38108,-89.97524481,35.17784262,901-415-2772,Mon-Sat:- 10AM - 6PM
Parkway Village Library,4655 Knight Arnold Road,Memphis/ TN,38118,-89.90833503,35.06242549,901-415-2776,Mon-Sat:- 10AM - 6PM
 Levi Library,3676 S 3rd Street,Memphis/ TN,38109,-90.06244168,35.04836592,901-415-2773,Mon-Sat:- 10AM - 6PM
Poplar-White Station Library,5094 Poplar Avenue,Memphis/ TN,38117,-89.89235854,35.11125034,901-415-2777,Mon-Thu:- 10AM-8PM; Fri-Sat:- 10AM-6PM
Randolph Library,3752 Given Avenue,Memphis/ TN,38122,-89.93540075,35.15608279,901-415-2779,Mon-Sat:- 10AM - 6PM
Raleigh Library,3157 Powers Road,Memphis/ TN,38128,-89.92120438,35.21238844,901-415-2778,Mon-Thu:- 10AM-8PM; Fri-Sat:- 10AM-6PM
South Library,1929 S 3rd Street,Memphis/ TN,38109,-90.05599104,35.09494206,901-415-2780,Mon-Sat:- 10AM - 6PM
Frayser Library,3712 Argonne Street,Memphis/ TN,38127,-90.00171103,35.22695249,901-415-2768,Mon-Sat:- 10AM - 6PM
Benjamin L. Hooks Central Library,3030 Poplar Avenue,Memphis/ TN,38111,-89.96047723,35.13238671,901-415-2700,Mon- Thu:- 10AM - 8PM;  Fri - Sat:- 10AM - 6PM;  Sun: 1PM - 5PM
Cornelia Crenshaw Memorial Library,531 Vance Avenue,Memphis/ TN,38126,-90.0442742,35.13467861,901-415-2765,Mon-Sat:- 10AM - 6PM
Whitehaven Library,4120 Millbranch Road,Memphis/ TN,38116,-90.00748641,35.036127,901-415-2781,Mon-Thu:- 10AM-8PM; Fri-Sat:- 10AM-6PM
Cloud901,"3030 Popular Ave, Memphis, TN ",Memphis/ TN,38111,-89.964,35.1334,901-415-2760,Mon-Thu:- 3PM - 8PM; Fri- Closed; Sat:-10AM - 6PM; Sun:- 1PM- 5PM
East Shelby Library,7200 East Shelby Dr,Memphis/ TN,38125,-89.8069,35.0206,901-415-2767,Mon-Sat:- 10AM - 6PM
Officer Geoffrey Redd Library,5094 Popular Ave,Memphis/ TN,38117,-89.8856,35.1126,901-415-2777,Mon-Sat:- 10AM - 6PM
Orange Mound Libraray,843 Dallas St,Memphis/ TN,38114,-89.9745,35.1098,901-415-2761,Mon-Sat:- 10AM - 6PM
